{
	"skin-name": "custom",
	"preview-bg": "#666666",
	"text": "#dddddd",
	"text-inverse": "#000000",
	"text-disabled": "#aaaaaa",
	"has-gradients": true,
	"has-radius": true,
	"has-boxshadow": true,
	"has-button-borders": true,
	"btn-text": "#2f2f2f",
	"btn-text-shadow": "#c2c2c2",
	"btn-bg": "#a6a6a6",
	"btn-bg-hlight": "#868686",
	"btn-border-top": "rgba(140,140,140,0.5)",
	"btn-border-right": "rgba(112,112,112,0.5)",
	"btn-border-bottom": "rgba(120,120,120,0.25)",
	"btn-border-left": "rgba(107,107,107,0.5)",
	"btn-split-border": "#6e6e6e",
	"btn-primary-text": "#ffffff",
	"btn-primary-text-shadow": "#333333",
	"btn-primary-bg": "#a5c73c",
	"btn-primary-bg-hlight": "#73ad0c",
	"btn-padding": "4px 10px",
	"menu-bg": "#474747",
	"menu-border": "rgba(0,0,0,0.2)",
	"menuitem-text": "#dddddd",
	"menuitem-bg-selected": "#7d962f",
	"menuitem-bg-selected-hlight": "#7d962f",
	"menuitem-separator-top": "#b3b3b3",
	"menuitem-separator-bottom": "#383838",
	"menuitem-text-inverse": "#ffffff",
	"menuitem-bg-active": "#95ba24",
	"menuitem-text-active": "#ffffff",
	"menuitem-preview-border-active": "#6f8a1c",
	"menubar-menubtn-text": "#dddddd",
	"checkbox-border": "#8f8f8f",
	"checkbox-border-focus": "#1e7dad",
	"panel-border": "#9e9e9e",
	"panel-bg": "#474747",
	"panel-bg-hlight": "#474747",
	"textbox-bg": "#5c5c5c",
	"textbox-border": "#8f8f8f",
	"textbox-border-focus": "#a6a6a6",
	"window-bg": "#474747",
	"window-border": "#c4c4c4",
	"tab-bg": "#828282",
	"tab-bg-hover": "#616161",
	"tab-bg-active": "#474747",
	"tab-border": "#9e9e9e",
	"slider-bg": "#636363",
	"slider-border": "#8f8f8f",
	"slider-handle-bg": "#474747",
	"slider-handle-border": "#8f8f8f",
	"colorbtn-backcolor-bg": "#bbbbbb",
	"grid-border": "#d6d6d6",
	"grid-border-active": "#d6d6d6"
}